{
	"credit": "Created by Stridey",
	"parent": "item/door",
	"ambientocclusion": false,
	"textures": {
		"2": "item/waxed_door",
		"top": "block/copper_door_top",
		"particle": "block/copper_door_bottom",
		"bottom": "block/copper_door_bottom"
	},
	"elements": [
		{
			"from": [13, -0.05, 6.5],
			"to": [16, 15.95, 9.5],
			"rotation": {"angle": 0, "axis": "y", "origin": [1.5, 8.5, 8]},
			"faces": {
				"north": {"uv": [0, 0, 3, 16], "texture": "#bottom"},
				"east": {"uv": [0, 0, 1, 16], "texture": "#bottom"},
				"south": {"uv": [3, 0, 0, 16], "texture": "#bottom"},
				"west": {"uv": [2, 0, 3, 16], "texture": "#bottom"},
				"down": {"uv": [0, 15, 3, 16], "rotation": 180, "texture": "#bottom"}
			}
		},
		{
			"from": [3, -0.05, 6.5],
			"to": [13, 2.95, 9.5],
			"rotation": {"angle": 0, "axis": "y", "origin": [1.5, 8.5, 8]},
			"faces": {
				"north": {"uv": [3, 13, 13, 16], "texture": "#bottom"},
				"south": {"uv": [13, 13, 3, 16], "texture": "#bottom"},
				"up": {"uv": [3, 13, 13, 14], "rotation": 180, "texture": "#bottom"},
				"down": {"uv": [3, 15, 13, 16], "rotation": 180, "texture": "#bottom"}
			}
		},
		{
			"from": [3, 2.95, 7.5],
			"to": [13, 15.95, 8.5],
			"rotation": {"angle": 0, "axis": "y", "origin": [1.5, 8.5, 8]},
			"faces": {
				"north": {"uv": [3, 0, 13, 13], "texture": "#bottom"},
				"south": {"uv": [13, 0, 3, 13], "texture": "#bottom"}
			}
		},
		{
			"from": [11, 13.95, 6.5],
			"to": [13, 15.95, 9.5],
			"rotation": {"angle": 0, "axis": "y", "origin": [1.5, 8.5, 8]},
			"faces": {
				"north": {"uv": [3, 0, 5, 2], "texture": "#bottom"},
				"south": {"uv": [5, 0, 3, 2], "texture": "#bottom"},
				"west": {"uv": [5, 0, 4, 2], "texture": "#bottom"},
				"down": {"uv": [3, 1, 5, 2], "rotation": 180, "texture": "#bottom"}
			}
		},
		{
			"from": [3, 13.95, 6.5],
			"to": [5, 14.95, 9.5],
			"rotation": {"angle": 0, "axis": "y", "origin": [1.5, 8.5, 8]},
			"faces": {
				"north": {"uv": [12, 1, 13, 2], "texture": "#bottom"},
				"south": {"uv": [12, 1, 13, 2], "texture": "#bottom"},
				"down": {"uv": [12, 1, 13, 2], "rotation": 270, "texture": "#bottom"}
			}
		},
		{
			"from": [0, -0.05, 6.5],
			"to": [3, 15.95, 9.5],
			"rotation": {"angle": 0, "axis": "y", "origin": [1.5, 8.5, 8]},
			"faces": {
				"north": {"uv": [13, 0, 16, 16], "texture": "#bottom"},
				"east": {"uv": [13, 0, 14, 16], "texture": "#bottom"},
				"south": {"uv": [16, 0, 13, 16], "texture": "#bottom"},
				"west": {"uv": [15, 0, 16, 16], "texture": "#bottom"},
				"down": {"uv": [13, 15, 16, 16], "rotation": 180, "texture": "#bottom"}
			}
		},
		{
			"from": [2, 9.95, 6],
			"to": [6, 11.95, 10],
			"rotation": {"angle": 0, "axis": "y", "origin": [1.5, 8.5, 8]},
			"faces": {
				"north": {"uv": [10, 4, 14, 6], "texture": "#bottom"},
				"east": {"uv": [10, 4, 11, 6], "texture": "#bottom"},
				"south": {"uv": [14, 4, 10, 6], "texture": "#bottom"},
				"west": {"uv": [13, 4, 14, 6], "texture": "#bottom"},
				"up": {"uv": [10, 5, 14, 4], "rotation": 180, "texture": "#bottom"},
				"down": {"uv": [10, 6, 14, 5], "texture": "#bottom"}
			}
		},
		{
			"from": [5, 11.95, 6],
			"to": [6, 14.95, 10],
			"rotation": {"angle": 0, "axis": "y", "origin": [1.5, 8.5, 8]},
			"faces": {
				"north": {"uv": [10, 1, 11, 4], "texture": "#bottom"},
				"east": {"uv": [10, 1, 11, 4], "texture": "#bottom"},
				"south": {"uv": [10, 1, 11, 4], "texture": "#bottom"},
				"west": {"uv": [10, 1, 11, 4], "texture": "#bottom"},
				"up": {"uv": [10, 1, 11, 2], "rotation": 90, "texture": "#bottom"}
			}
		},
		{
			"from": [2, 11.95, 6],
			"to": [3, 14.95, 10],
			"rotation": {"angle": 0, "axis": "y", "origin": [1.5, 8.5, 8]},
			"faces": {
				"north": {"uv": [13, 1, 14, 4], "texture": "#bottom"},
				"east": {"uv": [13, 1, 14, 4], "texture": "#bottom"},
				"south": {"uv": [13, 1, 14, 4], "texture": "#bottom"},
				"west": {"uv": [13, 1, 14, 4], "texture": "#bottom"},
				"up": {"uv": [13, 1, 14, 2], "rotation": 90, "texture": "#bottom"}
			}
		},
		{
			"from": [3, 14.95, 6],
			"to": [5, 15.95, 10],
			"rotation": {"angle": 0, "axis": "y", "origin": [1.5, 8.5, 8]},
			"faces": {
				"north": {"uv": [11, 0, 13, 1], "texture": "#bottom"},
				"east": {"uv": [11, 0, 13, 1], "texture": "#bottom"},
				"south": {"uv": [11, 0, 13, 1], "texture": "#bottom"},
				"west": {"uv": [11, 0, 13, 1], "texture": "#bottom"},
				"down": {"uv": [11, 0, 13, 1], "rotation": 270, "texture": "#bottom"}
			}
		},
		{
			"from": [3, 28.95, 6.5],
			"to": [13, 31.95, 9.5],
			"rotation": {"angle": 0, "axis": "y", "origin": [1.5, 7.5, 8]},
			"faces": {
				"north": {"uv": [3, 0, 13, 3], "texture": "#top"},
				"south": {"uv": [13, 0, 3, 3], "texture": "#top"},
				"up": {"uv": [3, 0, 13, 1], "rotation": 180, "texture": "#top"},
				"down": {"uv": [3, 2, 13, 3], "rotation": 180, "texture": "#top"}
			}
		},
		{
			"from": [13, 15.95, 6.5],
			"to": [16, 31.95, 9.5],
			"rotation": {"angle": 0, "axis": "y", "origin": [1.5, 7.5, 8]},
			"faces": {
				"north": {"uv": [0, 0, 3, 16], "texture": "#top"},
				"east": {"uv": [0, 0, 1, 16], "texture": "#top"},
				"south": {"uv": [3, 0, 0, 16], "texture": "#top"},
				"west": {"uv": [2, 0, 3, 16], "texture": "#top"},
				"up": {"uv": [0, 0, 3, 1], "rotation": 180, "texture": "#top"}
			}
		},
		{
			"from": [0, 15.95, 6.5],
			"to": [3, 31.95, 9.5],
			"rotation": {"angle": 0, "axis": "y", "origin": [1.5, 7.5, 8]},
			"faces": {
				"north": {"uv": [13, 0, 16, 16], "texture": "#top"},
				"east": {"uv": [13, 0, 14, 16], "texture": "#top"},
				"south": {"uv": [16, 0, 13, 16], "texture": "#top"},
				"west": {"uv": [15, 0, 16, 16], "texture": "#top"},
				"up": {"uv": [13, 0, 16, 1], "rotation": 180, "texture": "#top"}
			}
		},
		{
			"from": [-0.001, -0.051, 6.499],
			"to": [16.001, 31.951, 9.501],
			"rotation": {"angle": 0, "axis": "y", "origin": [1.5, 7.5, 8]},
			"faces": {
				"north": {"uv": [0, 0, 8, 16], "texture": "#2"},
				"east": {"uv": [8, 0, 9.5, 16], "texture": "#2"},
				"south": {"uv": [0, 0, 8, 16], "texture": "#2"},
				"west": {"uv": [8, 0, 9.5, 16], "texture": "#2"},
				"up": {"uv": [9.5, 0, 11, 8], "rotation": 270, "texture": "#2"},
				"down": {"uv": [9.5, 0, 11, 8], "rotation": 270, "texture": "#2"}
			}
		},
		{
			"from": [3, 15.95, 6.5],
			"to": [13, 18.95, 9.5],
			"rotation": {"angle": 0, "axis": "y", "origin": [1.5, 7.5, 8]},
			"faces": {
				"north": {"uv": [3, 13, 13, 16], "texture": "#top"},
				"south": {"uv": [13, 13, 3, 16], "texture": "#top"},
				"up": {"uv": [3, 13, 13, 14], "rotation": 180, "texture": "#top"},
				"down": {"uv": [0, 0, 0, 0], "rotation": 270, "texture": "#top"}
			}
		},
		{
			"from": [3, 15.95, 6],
			"to": [5, 16.95, 10],
			"rotation": {"angle": 0, "axis": "y", "origin": [1.5, 7.5, 8]},
			"faces": {
				"north": {"uv": [11, 15, 13, 16], "texture": "#top"},
				"east": {"uv": [11, 15, 12, 16], "texture": "#top"},
				"south": {"uv": [13, 15, 11, 16], "texture": "#top"},
				"west": {"uv": [12, 15, 13, 16], "texture": "#top"},
				"up": {"uv": [11, 15, 13, 16], "rotation": 180, "texture": "#top"}
			}
		},
		{
			"from": [11, 26.95, 7.5],
			"to": [13, 28.95, 8.5],
			"rotation": {"angle": 0, "axis": "y", "origin": [1.5, 7.5, 8]},
			"faces": {
				"north": {"uv": [3, 3, 5, 5], "texture": "#top"},
				"south": {"uv": [5, 3, 3, 5], "texture": "#top"},
				"west": {"uv": [4, 3, 5, 5], "texture": "#top"},
				"down": {"uv": [3, 4, 5, 5], "rotation": 180, "texture": "#top"}
			}
		},
		{
			"from": [3, 26.95, 7.5],
			"to": [5, 28.95, 8.5],
			"rotation": {"angle": 0, "axis": "y", "origin": [1.5, 7.5, 8]},
			"faces": {
				"north": {"uv": [11, 3, 13, 5], "texture": "#top"},
				"east": {"uv": [11, 3, 12, 5], "texture": "#top"},
				"south": {"uv": [13, 3, 11, 5], "texture": "#top"},
				"down": {"uv": [11, 4, 13, 5], "rotation": 180, "texture": "#top"}
			}
		},
		{
			"from": [4, 25.95, 7.5],
			"to": [6, 27.95, 8.5],
			"rotation": {"angle": 0, "axis": "y", "origin": [1.5, 7.5, 8]},
			"faces": {
				"north": {"uv": [10, 4, 12, 6], "texture": "#top"},
				"east": {"uv": [10, 4, 11, 6], "texture": "#top"},
				"south": {"uv": [12, 4, 10, 6], "texture": "#top"},
				"west": {"uv": [11, 4, 12, 6], "texture": "#top"},
				"up": {"uv": [10, 4, 11, 5], "rotation": 90, "texture": "#top"},
				"down": {"uv": [10, 5, 12, 6], "rotation": 180, "texture": "#top"}
			}
		},
		{
			"from": [5, 24.95, 7.5],
			"to": [7, 26.95, 8.5],
			"rotation": {"angle": 0, "axis": "y", "origin": [1.5, 7.5, 8]},
			"faces": {
				"north": {"uv": [9, 5, 11, 7], "texture": "#top"},
				"east": {"uv": [9, 5, 10, 7], "texture": "#top"},
				"south": {"uv": [11, 5, 9, 7], "texture": "#top"},
				"west": {"uv": [10, 5, 11, 7], "texture": "#top"},
				"up": {"uv": [9, 5, 10, 6], "rotation": 90, "texture": "#top"},
				"down": {"uv": [9, 6, 11, 7], "rotation": 180, "texture": "#top"}
			}
		},
		{
			"from": [11, 18.95, 7.5],
			"to": [13, 20.95, 8.5],
			"rotation": {"angle": 0, "axis": "y", "origin": [1.5, 7.5, 8]},
			"faces": {
				"north": {"uv": [3, 11, 5, 13], "texture": "#top"},
				"south": {"uv": [11, 5, 9, 7], "texture": "#top"},
				"west": {"uv": [10, 5, 11, 7], "texture": "#top"},
				"up": {"uv": [3, 11, 4, 12], "rotation": 90, "texture": "#top"}
			}
		},
		{
			"from": [9, 20.95, 7.5],
			"to": [11, 22.95, 8.5],
			"rotation": {"angle": 0, "axis": "y", "origin": [1.5, 7.5, 8]},
			"faces": {
				"north": {"uv": [5, 9, 7, 11], "texture": "#top"},
				"east": {"uv": [5, 9, 6, 11], "texture": "#top"},
				"south": {"uv": [13, 3, 11, 5], "texture": "#top"},
				"west": {"uv": [12, 3, 13, 5], "texture": "#top"},
				"up": {"uv": [5, 9, 6, 10], "rotation": 90, "texture": "#top"},
				"down": {"uv": [11, 4, 13, 5], "rotation": 180, "texture": "#top"}
			}
		},
		{
			"from": [10, 19.95, 7.5],
			"to": [12, 21.95, 8.5],
			"rotation": {"angle": 0, "axis": "y", "origin": [1.5, 7.5, 8]},
			"faces": {
				"north": {"uv": [4, 10, 6, 12], "texture": "#top"},
				"east": {"uv": [4, 10, 5, 12], "texture": "#top"},
				"south": {"uv": [12, 4, 10, 6], "texture": "#top"},
				"west": {"uv": [11, 4, 12, 6], "texture": "#top"},
				"up": {"uv": [4, 10, 5, 11], "rotation": 90, "texture": "#top"},
				"down": {"uv": [10, 5, 12, 6], "rotation": 180, "texture": "#top"}
			}
		},
		{
			"from": [10, 25.95, 7.5],
			"to": [12, 27.95, 8.5],
			"rotation": {"angle": 0, "axis": "y", "origin": [1.5, 7.5, 8]},
			"faces": {
				"north": {"uv": [4, 4, 6, 6], "texture": "#top"},
				"east": {"uv": [4, 4, 5, 6], "texture": "#top"},
				"south": {"uv": [6, 4, 4, 6], "texture": "#top"},
				"west": {"uv": [5, 4, 6, 6], "texture": "#top"},
				"up": {"uv": [5, 4, 6, 5], "rotation": 90, "texture": "#top"},
				"down": {"uv": [4, 5, 6, 6], "rotation": 180, "texture": "#top"}
			}
		},
		{
			"from": [9, 24.95, 7.5],
			"to": [11, 26.95, 8.5],
			"rotation": {"angle": 0, "axis": "y", "origin": [1.5, 7.5, 8]},
			"faces": {
				"north": {"uv": [5, 5, 7, 7], "texture": "#top"},
				"east": {"uv": [5, 5, 6, 7], "texture": "#top"},
				"south": {"uv": [7, 5, 5, 7], "texture": "#top"},
				"west": {"uv": [6, 5, 7, 7], "texture": "#top"},
				"up": {"uv": [6, 5, 7, 6], "rotation": 90, "texture": "#top"},
				"down": {"uv": [5, 6, 7, 7], "rotation": 180, "texture": "#top"}
			}
		},
		{
			"from": [3, 18.95, 7.5],
			"to": [5, 20.95, 8.5],
			"rotation": {"angle": 0, "axis": "y", "origin": [1.5, 7.5, 8]},
			"faces": {
				"north": {"uv": [11, 11, 13, 13], "texture": "#top"},
				"east": {"uv": [11, 11, 12, 13], "texture": "#top"},
				"south": {"uv": [7, 5, 5, 7], "texture": "#top"},
				"up": {"uv": [12, 11, 13, 12], "rotation": 90, "texture": "#top"}
			}
		},
		{
			"from": [5, 20.95, 7.5],
			"to": [7, 22.95, 8.5],
			"rotation": {"angle": 0, "axis": "y", "origin": [1.5, 7.5, 8]},
			"faces": {
				"north": {"uv": [9, 9, 11, 11], "texture": "#top"},
				"east": {"uv": [9, 9, 10, 11], "texture": "#top"},
				"south": {"uv": [5, 3, 3, 5], "texture": "#top"},
				"west": {"uv": [4, 3, 5, 5], "texture": "#top"},
				"up": {"uv": [10, 9, 11, 10], "rotation": 90, "texture": "#top"},
				"down": {"uv": [3, 4, 5, 5], "rotation": 180, "texture": "#top"}
			}
		},
		{
			"from": [6, 21.95, 7.5],
			"to": [10, 25.95, 8.5],
			"rotation": {"angle": 0, "axis": "y", "origin": [1.5, 7.5, 8]},
			"faces": {
				"north": {"uv": [6, 6, 10, 10], "texture": "#top"},
				"east": {"uv": [6, 6, 7, 10], "texture": "#top"},
				"south": {"uv": [10, 6, 6, 10], "texture": "#top"},
				"west": {"uv": [9, 6, 10, 10], "texture": "#top"},
				"up": {"uv": [6, 6, 10, 7], "rotation": 180, "texture": "#top"},
				"down": {"uv": [6, 9, 10, 10], "texture": "#top"}
			}
		},
		{
			"from": [4, 19.95, 7.5],
			"to": [6, 21.95, 8.5],
			"rotation": {"angle": 0, "axis": "y", "origin": [1.5, 7.5, 8]},
			"faces": {
				"north": {"uv": [10, 10, 12, 12], "texture": "#top"},
				"east": {"uv": [10, 10, 11, 12], "texture": "#top"},
				"south": {"uv": [6, 4, 4, 6], "texture": "#top"},
				"west": {"uv": [5, 4, 6, 6], "texture": "#top"},
				"up": {"uv": [11, 10, 12, 11], "rotation": 90, "texture": "#top"},
				"down": {"uv": [4, 5, 6, 6], "rotation": 180, "texture": "#top"}
			}
		}
	],
	"groups": [
		0,
		1,
		2,
		3,
		4,
		5,
		6,
		7,
		8,
		9,
		{
			"name": "group",
			"origin": [1.5, 7.5, 8],
			"color": 0,
			"children": [10, 11, 12, 13, 14, 15, 16, 17, 18, 19, 20, 21, 22, 23, 24, 25, 26, 27, 28]
		}
	]
}